date,open,high,low,close,volume
2024-07-25,22.0,23.0,21.979999542236328,22.479999542236328,5476200.0
2024-07-26,22.899999618530273,23.149999618530273,22.190000534057617,22.860000610351562,1273000.0
2024-07-29,22.899999618530273,23.100000381469727,22.4950008392334,22.799999237060547,1199700.0
2024-07-30,22.700000762939453,23.5,22.010000228881836,22.920000076293945,1095600.0
2024-07-31,23.09000015258789,23.46500015258789,22.799999237060547,23.309999465942383,2371300.0
2024-08-01,23.329999923706055,23.469999313354492,22.299999237060547,22.65999984741211,493900.0
2024-08-02,22.549999237060547,22.899999618530273,21.600000381469727,22.649999618530273,1073400.0
2024-08-05,21.850000381469727,22.729999542236328,21.371999740600586,22.25,661100.0
2024-08-06,22.149999618530273,22.780000686645508,21.770000457763672,22.06999969482422,900100.0
2024-08-07,22.25,22.790000915527344,22.059999465942383,22.079999923706055,429000.0
2024-08-08,22.280000686645508,23.104999542236328,22.149999618530273,23.079999923706055,524300.0
2024-08-09,23.049999237060547,23.309999465942383,22.670000076293945,22.940000534057617,366400.0
2024-08-12,23.0,23.15999984741211,22.600000381469727,22.700000762939453,437500.0
2024-08-13,22.5,23.059999465942383,22.5,23.059999465942383,188000.0
2024-08-14,23.030000686645508,23.43000030517578,22.850000381469727,23.0,361500.0
2024-08-15,23.110000610351562,23.270999908447266,22.670000076293945,23.149999618530273,284500.0
2024-08-16,23.219999313354492,23.489999771118164,22.920000076293945,23.40999984741211,262100.0
2024-08-19,23.31999969482422,23.809999465942383,23.18000030517578,23.360000610351562,394900.0
2024-08-20,23.479999542236328,23.65999984741211,22.889999389648438,23.309999465942383,315200.0
2024-08-21,23.469999313354492,23.610000610351562,22.760000228881836,23.3799991607666,577300.0
2024-08-22,23.450000762939453,23.700000762939453,22.954999923706055,23.1299991607666,316100.0
2024-08-23,23.299999237060547,23.59000015258789,23.260000228881836,23.399999618530273,524400.0
2024-08-26,23.290000915527344,23.799999237060547,23.0,23.639999389648438,754300.0
2024-08-27,23.280000686645508,23.809999465942383,22.719999313354492,22.84000015258789,391200.0
2024-08-28,22.889999389648438,23.43000030517578,22.8700008392334,23.149999618530273,220100.0
2024-08-29,23.350000381469727,23.849000930786133,22.90999984741211,23.709999084472656,320000.0
2024-08-30,23.979999542236328,24.719999313354492,23.75,24.450000762939453,341400.0
2024-09-03,24.280000686645508,24.80500030517578,23.520000457763672,23.860000610351562,201600.0
2024-09-04,23.579999923706055,24.34000015258789,23.579999923706055,24.040000915527344,199200.0
2024-09-05,24.06999969482422,24.5,23.889999389648438,23.989999771118164,278000.0
2024-09-06,23.959999084472656,24.649999618530273,23.94499969482422,24.270000457763672,247100.0
2024-09-09,24.56999969482422,24.770000457763672,22.780000686645508,23.110000610351562,358600.0
2024-09-10,23.149999618530273,23.329999923706055,22.1299991607666,22.850000381469727,224400.0
2024-09-11,22.6200008392334,23.280000686645508,22.290000915527344,23.06999969482422,123000.0
2024-09-12,23.0,23.170000076293945,22.209999084472656,22.56999969482422,217400.0
2024-09-13,22.520000457763672,23.229999542236328,22.489999771118164,23.1200008392334,190800.0
2024-09-16,23.489999771118164,23.65999984741211,23.1200008392334,23.350000381469727,189000.0
2024-09-17,23.450000762939453,24.06999969482422,23.020000457763672,23.209999084472656,219100.0
2024-09-18,23.09000015258789,23.69499969482422,22.760000228881836,23.34000015258789,211100.0
2024-09-19,23.59000015258789,23.59000015258789,22.860000610351562,22.8700008392334,316800.0
2024-09-20,22.829999923706055,23.107999801635742,22.034000396728516,22.860000610351562,5174300.0
2024-09-23,23.0,23.40999984741211,22.18000030517578,23.239999771118164,375700.0
2024-09-24,23.219999313354492,23.315000534057617,22.530000686645508,23.15999984741211,376400.0
2024-09-25,23.209999084472656,23.479999542236328,22.829999923706055,23.0,269400.0
2024-09-26,23.0,23.55500030517578,22.549999237060547,22.68000030517578,307500.0
2024-09-27,22.65999984741211,22.899999618530273,22.020000457763672,22.420000076293945,307800.0
2024-09-30,22.3799991607666,22.459999084472656,21.795000076293945,22.360000610351562,357300.0
2024-10-01,22.18000030517578,22.40999984741211,21.6299991607666,21.739999771118164,384100.0
2024-10-02,21.469999313354492,21.649999618530273,21.264999389648438,21.489999771118164,263000.0
2024-10-03,21.3799991607666,21.59000015258789,20.84000015258789,21.079999923706055,218800.0
2024-10-04,21.299999237060547,21.299999237060547,20.850000381469727,20.969999313354492,206100.0
2024-10-07,20.600000381469727,20.739999771118164,19.459999084472656,19.469999313354492,441300.0
2024-10-08,19.450000762939453,19.899999618530273,18.889999389648438,19.780000686645508,227700.0
2024-10-09,19.610000610351562,19.989999771118164,19.231000900268555,19.760000228881836,213700.0
2024-10-10,19.440000534057617,19.809999465942383,19.399999618530273,19.809999465942383,368500.0
2024-10-11,19.639999389648438,20.110000610351562,19.479999542236328,20.09000015258789,205200.0
2024-10-14,20.15999984741211,20.959999084472656,20.110000610351562,20.950000762939453,158700.0
2024-10-15,20.969999313354492,21.149999618530273,20.760000228881836,20.93000030517578,185500.0
2024-10-16,21.190000534057617,21.719999313354492,20.940000534057617,21.68000030517578,282500.0
2024-10-17,21.600000381469727,21.690000534057617,20.889999389648438,21.1299991607666,279000.0
2024-10-18,21.15999984741211,21.459999084472656,20.969999313354492,21.239999771118164,120700.0
2024-10-21,21.40999984741211,21.40999984741211,20.8700008392334,21.1299991607666,125300.0
2024-10-22,21.040000915527344,21.31999969482422,20.735000610351562,21.190000534057617,178100.0
2024-10-23,21.0,21.579999923706055,20.989999771118164,21.459999084472656,180800.0
2024-10-24,21.459999084472656,21.590999603271484,21.100000381469727,21.139999389648438,107900.0
2024-10-25,21.170000076293945,21.34000015258789,20.84000015258789,20.90999984741211,110900.0
2024-10-28,20.959999084472656,21.280000686645508,20.739999771118164,20.809999465942383,152900.0
2024-10-29,20.610000610351562,20.93000030517578,20.15999984741211,20.229999542236328,173300.0
2024-10-30,20.06999969482422,20.90999984741211,20.020000457763672,20.790000915527344,206200.0
2024-10-31,20.420000076293945,20.610000610351562,19.8799991607666,20.270000457763672,636100.0
2024-11-01,20.790000915527344,21.75,19.1299991607666,20.079999923706055,375600.0
2024-11-04,19.950000762939453,20.309999465942383,19.895000457763672,20.219999313354492,207500.0
2024-11-05,20.0,20.219999313354492,19.489999771118164,19.59000015258789,245300.0
2024-11-06,20.040000915527344,20.209999084472656,19.389999389648438,19.6299991607666,887700.0
2024-11-07,19.420000076293945,20.1200008392334,18.899999618530273,20.049999237060547,492900.0
2024-11-08,20.40999984741211,20.40999984741211,19.6200008392334,19.6299991607666,312000.0
2024-11-11,19.729999542236328,19.889999389648438,19.350000381469727,19.670000076293945,289500.0
2024-11-12,19.670000076293945,20.299999237060547,19.43000030517578,20.25,350700.0
2024-11-13,20.420000076293945,21.06999969482422,20.360000610351562,20.600000381469727,382700.0
2024-11-14,20.610000610351562,20.610000610351562,20.239999771118164,20.3700008392334,685800.0
2024-11-15,20.450000762939453,20.649999618530273,20.030000686645508,20.530000686645508,490200.0
2024-11-18,20.540000915527344,21.100000381469727,20.540000915527344,20.760000228881836,503700.0
2024-11-19,20.75,21.1200008392334,20.18000030517578,20.270000457763672,681600.0
2024-11-20,21.5,22.440000534057617,20.610000610351562,21.260000228881836,1586600.0
2024-11-21,21.31999969482422,21.600000381469727,21.059999465942383,21.479999542236328,621200.0
2024-11-22,21.829999923706055,22.200000762939453,21.450000762939453,21.899999618530273,817200.0
2024-11-25,22.100000381469727,22.549999237060547,21.860000610351562,22.1299991607666,1366000.0
2024-11-26,21.600000381469727,24.315000534057617,21.600000381469727,23.09000015258789,8703500.0
2024-11-27,23.09000015258789,23.31999969482422,22.135000228881836,22.420000076293945,2523500.0
2024-11-29,22.350000381469727,22.350000381469727,21.514999389648438,21.81999969482422,2078400.0
2024-12-02,21.75,22.079999923706055,20.549999237060547,21.530000686645508,2556400.0
2024-12-03,21.670000076293945,22.229999542236328,21.450000762939453,21.450000762939453,1743300.0
2024-12-04,21.440000534057617,22.079999923706055,21.149999618530273,21.360000610351562,1000300.0
2024-12-05,21.139999389648438,21.360000610351562,20.420000076293945,20.420000076293945,1507200.0
2024-12-06,20.1299991607666,20.479999542236328,19.93000030517578,20.270000457763672,1553000.0
2024-12-09,20.549999237060547,20.739999771118164,20.190000534057617,20.510000228881836,813000.0
2024-12-10,20.600000381469727,20.700000762939453,20.0,20.100000381469727,1154200.0
2024-12-11,20.100000381469727,20.420000076293945,19.889999389648438,20.1299991607666,994600.0
2024-12-12,19.989999771118164,20.290000915527344,19.899999618530273,20.18000030517578,1214000.0
2024-12-13,20.149999618530273,20.59000015258789,20.0,20.5,910700.0
2024-12-16,21.09000015258789,21.780000686645508,20.989999771118164,21.260000228881836,657000.0
2024-12-17,21.209999084472656,21.25,20.530000686645508,20.549999237060547,946400.0
2024-12-18,20.6200008392334,20.68000030517578,19.469999313354492,19.479999542236328,1420400.0
2024-12-19,19.25,19.799999237060547,19.040000915527344,19.559999465942383,783100.0
2024-12-20,19.469999313354492,20.15999984741211,19.34000015258789,20.030000686645508,2814000.0
2024-12-23,19.93000030517578,20.360000610351562,19.670000076293945,20.299999237060547,545700.0
2024-12-24,20.190000534057617,20.5,20.059999465942383,20.479999542236328,152000.0
2024-12-26,20.389999389648438,20.649999618530273,20.270000457763672,20.600000381469727,284200.0
2024-12-27,20.399999618530273,20.65999984741211,20.290000915527344,20.389999389648438,416400.0
2024-12-30,20.43000030517578,20.485000610351562,19.959999084472656,20.110000610351562,691700.0
2024-12-31,20.290000915527344,20.3700008392334,19.709999084472656,19.780000686645508,755000.0
2025-01-02,19.959999084472656,20.3799991607666,19.280000686645508,19.290000915527344,677300.0
2025-01-03,19.280000686645508,19.959999084472656,19.020000457763672,19.600000381469727,896500.0
2025-01-06,19.56999969482422,19.979999542236328,19.40999984741211,19.5,982900.0
2025-01-07,19.690000534057617,20.020000457763672,19.5,19.93000030517578,682900.0
2025-01-08,19.700000762939453,20.079999923706055,19.3700008392334,19.739999771118164,500600.0
2025-01-10,19.389999389648438,20.15999984741211,19.31999969482422,19.729999542236328,883700.0
2025-01-13,19.299999237060547,20.68000030517578,19.299999237060547,20.6299991607666,505600.0
2025-01-14,20.600000381469727,20.725000381469727,19.979999542236328,20.40999984741211,533400.0
2025-01-15,20.790000915527344,20.969999313354492,20.309999465942383,20.84000015258789,531200.0
2025-01-16,20.739999771118164,21.190000534057617,20.739999771118164,21.020000457763672,374800.0
2025-01-17,21.350000381469727,21.350000381469727,20.959999084472656,21.1299991607666,374100.0
2025-01-21,21.329999923706055,22.389999389648438,21.204999923706055,22.299999237060547,644900.0
2025-01-22,22.25,22.31999969482422,21.850000381469727,22.139999389648438,1085700.0
2025-01-23,22.684999465942383,23.8700008392334,22.684999465942383,23.600000381469727,2406100.0
2025-01-24,23.25,23.915000915527344,23.25,23.520000457763672,1045700.0
2025-01-27,23.709999084472656,24.170000076293945,23.43000030517578,23.549999237060547,1118400.0
2025-01-28,23.479999542236328,23.959999084472656,23.440000534057617,23.469999313354492,1307500.0
2025-01-29,23.350000381469727,23.760000228881836,23.280000686645508,23.540000915527344,784600.0
2025-01-30,23.739999771118164,23.950000762939453,23.399999618530273,23.450000762939453,756700.0
2025-01-31,23.350000381469727,23.68000030517578,23.18000030517578,23.309999465942383,889900.0
2025-02-03,23.139999389648438,23.709999084472656,23.135000228881836,23.209999084472656,809700.0
2025-02-04,23.020000457763672,23.6200008392334,23.020000457763672,23.5,1463200.0
2025-02-05,23.56999969482422,23.6200008392334,23.139999389648438,23.309999465942383,549100.0
2025-02-06,23.149999618530273,23.31999969482422,22.969999313354492,23.229999542236328,620600.0
2025-02-07,23.020000457763672,23.274999618530273,22.639999389648438,22.780000686645508,473100.0
2025-02-10,22.739999771118164,22.780000686645508,22.3799991607666,22.719999313354492,642700.0
2025-02-11,22.530000686645508,23.15999984741211,22.479999542236328,23.079999923706055,523000.0
2025-02-12,22.790000915527344,23.0,22.229999542236328,22.360000610351562,870100.0
2025-02-13,22.489999771118164,22.920000076293945,22.209999084472656,22.829999923706055,552100.0
2025-02-14,22.84000015258789,22.920000076293945,22.56999969482422,22.719999313354492,518300.0
2025-02-18,22.68000030517578,23.329999923706055,22.3700008392334,23.270000457763672,771500.0
2025-02-19,23.100000381469727,23.469999313354492,22.979999542236328,23.350000381469727,904500.0
2025-02-20,23.25,23.559999465942383,23.200000762939453,23.40999984741211,472100.0
2025-02-21,23.65999984741211,23.65999984741211,22.860000610351562,22.959999084472656,535400.0
2025-02-24,23.200000762939453,23.540000915527344,22.889999389648438,23.170000076293945,654700.0
2025-02-25,23.3799991607666,23.579999923706055,22.889999389648438,23.270000457763672,774900.0
2025-02-26,23.059999465942383,23.489999771118164,22.760000228881836,22.899999618530273,568700.0
2025-02-27,22.920000076293945,23.200000762939453,22.700000762939453,22.709999084472656,610100.0
2025-02-28,22.65999984741211,22.780000686645508,22.280000686645508,22.579999923706055,898600.0
2025-03-03,22.639999389648438,22.989999771118164,22.190000534057617,22.3799991607666,632100.0
2025-03-04,22.0,23.0,21.579999923706055,22.440000534057617,1264400.0
2025-03-05,22.520000457763672,22.940000534057617,22.399999618530273,22.850000381469727,1324700.0
2025-03-06,22.65999984741211,23.010000228881836,22.5,22.739999771118164,1140200.0
2025-03-07,22.780000686645508,23.0,22.190000534057617,22.229999542236328,1076100.0
2025-03-10,22.0,22.43000030517578,21.459999084472656,21.600000381469727,963300.0
2025-03-11,21.770000457763672,21.84000015258789,21.399999618530273,21.43000030517578,843500.0
2025-03-12,21.100000381469727,21.34000015258789,20.540000915527344,20.6200008392334,820100.0
2025-03-13,20.739999771118164,20.8799991607666,20.43000030517578,20.639999389648438,1041000.0
2025-03-14,20.670000076293945,20.920000076293945,20.511999130249023,20.790000915527344,706200.0
2025-03-17,20.610000610351562,21.209999084472656,20.610000610351562,21.09000015258789,1144700.0
2025-03-18,20.93000030517578,21.049999237060547,20.71500015258789,20.850000381469727,511900.0
2025-03-19,21.190000534057617,21.329999923706055,20.827999114990234,21.020000457763672,1148200.0
2025-03-20,20.989999771118164,21.440000534057617,20.8700008392334,21.299999237060547,749700.0
2025-03-21,21.1200008392334,21.270000457763672,20.809999465942383,20.81999969482422,1431100.0
2025-03-24,21.229999542236328,21.510000228881836,20.899999618530273,21.489999771118164,506400.0
2025-03-25,21.389999389648438,21.709999084472656,20.969999313354492,21.110000610351562,535000.0
2025-03-26,21.200000762939453,21.530000686645508,21.09000015258789,21.469999313354492,696600.0
2025-03-27,21.6299991607666,21.799999237060547,21.440000534057617,21.780000686645508,499000.0
2025-03-28,21.729999542236328,21.760000228881836,21.3799991607666,21.440000534057617,377200.0
2025-03-31,21.200000762939453,21.799999237060547,21.15999984741211,21.700000762939453,897800.0
2025-04-01,21.639999389648438,22.190000534057617,21.450000762939453,22.020000457763672,671000.0
2025-04-02,21.860000610351562,22.559999465942383,21.860000610351562,22.540000915527344,995200.0
2025-04-03,22.059999465942383,22.565000534057617,21.65999984741211,22.059999465942383,826900.0
2025-04-04,21.59000015258789,22.049999237060547,20.549999237060547,20.610000610351562,1321600.0
2025-04-07,20.040000915527344,20.739999771118164,19.3700008392334,20.219999313354492,1083600.0
2025-04-08,20.760000228881836,20.940000534057617,19.514999389648438,19.829999923706055,668400.0
2025-04-09,19.739999771118164,21.354999542236328,19.440000534057617,21.139999389648438,687200.0
2025-04-10,20.510000228881836,20.920000076293945,19.89299964904785,20.360000610351562,950800.0
2025-04-11,20.40999984741211,20.639999389648438,19.68000030517578,20.290000915527344,711300.0
2025-04-14,20.459999084472656,20.979999542236328,20.229999542236328,20.860000610351562,933900.0
2025-04-15,20.760000228881836,21.03499984741211,20.459999084472656,20.850000381469727,620600.0
2025-04-16,20.799999237060547,21.1200008392334,20.524999618530273,20.559999465942383,524100.0
2025-04-17,20.540000915527344,20.788999557495117,20.260000228881836,20.389999389648438,813300.0
2025-04-21,20.139999389648438,20.139999389648438,19.474000930786133,19.829999923706055,610700.0
2025-04-22,20.170000076293945,20.450000762939453,19.760000228881836,20.40999984741211,1304700.0
2025-04-23,20.420000076293945,21.191999435424805,20.399999618530273,20.889999389648438,914500.0
2025-04-24,21.049999237060547,21.360000610351562,20.959999084472656,21.260000228881836,765800.0
2025-04-25,21.18000030517578,21.309999465942383,20.950000762939453,21.25,537800.0
2025-04-28,21.219999313354492,21.690000534057617,21.209999084472656,21.610000610351562,972500.0
2025-04-29,21.6299991607666,22.209999084472656,21.450000762939453,21.959999084472656,1253200.0
2025-04-30,21.809999465942383,21.81999969482422,20.670000076293945,21.75,520200.0
2025-05-01,21.479999542236328,21.969999313354492,21.270000457763672,21.530000686645508,440500.0
2025-05-02,21.700000762939453,21.979999542236328,21.395000457763672,21.780000686645508,433700.0
2025-05-05,21.34000015258789,22.079999923706055,21.25,21.59000015258789,456100.0
2025-05-06,21.530000686645508,21.795000076293945,21.25,21.700000762939453,473100.0
2025-05-07,21.739999771118164,21.969999313354492,21.610000610351562,21.8700008392334,479800.0
2025-05-08,21.690000534057617,21.75,21.059999465942383,21.110000610351562,537600.0
2025-05-09,21.079999923706055,21.530000686645508,21.079999923706055,21.399999618530273,885600.0
2025-05-12,21.940000534057617,22.024999618530273,21.450000762939453,21.6200008392334,510300.0
2025-05-13,21.6200008392334,21.6200008392334,21.225000381469727,21.399999618530273,762200.0
2025-05-14,21.389999389648438,21.46500015258789,21.1200008392334,21.3700008392334,692300.0
2025-05-15,21.309999465942383,22.81999969482422,21.170000076293945,22.81999969482422,1081100.0
2025-05-16,22.899999618530273,22.93000030517578,22.395000457763672,22.719999313354492,664400.0
2025-05-19,22.459999084472656,22.65999984741211,22.385000228881836,22.559999465942383,449600.0
2025-05-20,22.520000457763672,22.655000686645508,22.3700008392334,22.540000915527344,444600.0
2025-05-21,22.239999771118164,22.399999618530273,21.829999923706055,21.8700008392334,357600.0
2025-05-22,21.68000030517578,22.059999465942383,21.3700008392334,21.40999984741211,470900.0
2025-05-23,21.200000762939453,21.360000610351562,21.014999389648438,21.139999389648438,269900.0
2025-05-27,21.440000534057617,21.549999237060547,21.290000915527344,21.540000915527344,384500.0
2025-05-28,21.450000762939453,21.670000076293945,21.235000610351562,21.459999084472656,467900.0
2025-05-29,21.549999237060547,21.6299991607666,21.354999542236328,21.59000015258789,363300.0
2025-05-30,21.479999542236328,21.774999618530273,21.459999084472656,21.6299991607666,471300.0
2025-06-02,21.43000030517578,21.489999771118164,21.200000762939453,21.489999771118164,536000.0
2025-06-03,21.3799991607666,21.770000457763672,21.280000686645508,21.65999984741211,317600.0
2025-06-04,21.649999618530273,21.74799919128418,21.540000915527344,21.579999923706055,391000.0
2025-06-05,21.56999969482422,21.81999969482422,21.459999084472656,21.739999771118164,544400.0
2025-06-06,21.959999084472656,22.09000015258789,21.760000228881836,22.030000686645508,437100.0
2025-06-09,22.25,22.299999237060547,21.510000228881836,22.079999923706055,608300.0
2025-06-10,22.200000762939453,22.26799964904785,21.84000015258789,21.969999313354492,986200.0
2025-06-11,21.950000762939453,22.15999984741211,21.829999923706055,21.93000030517578,535500.0
2025-06-12,21.8700008392334,21.8700008392334,21.559999465942383,21.790000915527344,383400.0
2025-06-13,21.360000610351562,21.649999618530273,21.325000762939453,21.450000762939453,547000.0
2025-06-16,21.520000457763672,21.579999923706055,21.100000381469727,21.350000381469727,649200.0
2025-06-17,21.020000457763672,21.325000762939453,20.780000686645508,21.100000381469727,716600.0
2025-06-18,21.09000015258789,21.225000381469727,20.84000015258789,20.8799991607666,866700.0
2025-06-20,20.90999984741211,21.06999969482422,20.649999618530273,20.739999771118164,1520900.0
2025-06-23,20.559999465942383,20.979999542236328,20.31999969482422,20.979999542236328,832300.0
2025-06-24,21.110000610351562,21.290000915527344,20.774999618530273,21.190000534057617,729100.0
2025-06-25,21.06999969482422,21.149999618530273,20.5,20.530000686645508,663600.0
2025-06-26,20.729999542236328,20.979999542236328,20.489999771118164,20.690000534057617,774500.0
2025-06-27,20.780000686645508,21.170000076293945,20.530000686645508,21.149999618530273,3579200.0
2025-06-30,21.239999771118164,21.239999771118164,20.55500030517578,20.56999969482422,975000.0
2025-07-01,20.469999313354492,21.059999465942383,20.389999389648438,20.84000015258789,851500.0
2025-07-02,20.979999542236328,20.979999542236328,20.459999084472656,20.649999618530273,993600.0
2025-07-03,20.75,20.780000686645508,20.450000762939453,20.559999465942383,706800.0
2025-07-07,20.450000762939453,20.690000534057617,20.209999084472656,20.350000381469727,699700.0
2025-07-08,20.18000030517578,20.625,20.18000030517578,20.399999618530273,435900.0
2025-07-09,20.450000762939453,20.549999237060547,20.040000915527344,20.43000030517578,960400.0
2025-07-10,20.3799991607666,20.700000762939453,20.100000381469727,20.450000762939453,861800.0
2025-07-11,20.139999389648438,20.5,19.770000457763672,19.899999618530273,740300.0
2025-07-14,19.770000457763672,20.274999618530273,19.729999542236328,20.229999542236328,891200.0
2025-07-15,20.309999465942383,20.499000549316406,19.760000228881836,19.84000015258789,1089000.0
2025-07-16,19.8799991607666,20.024999618530273,19.600000381469727,19.68000030517578,974100.0
2025-07-17,19.610000610351562,19.850000381469727,19.479999542236328,19.760000228881836,696700.0
2025-07-18,19.719999313354492,19.81999969482422,19.420000076293945,19.559999465942383,698800.0
2025-07-21,19.600000381469727,19.979000091552734,19.510000228881836,19.950000762939453,589800.0
2025-07-22,20.010000228881836,20.399999618530273,19.631000518798828,19.770000457763672,746100.0
2025-07-23,19.950000762939453,20.18000030517578,19.670000076293945,20.15999984741211,813400.0
2025-07-24,20.020000457763672,20.040000915527344,19.549999237060547,19.639999389648438,643900.0
2025-07-25,19.739999771118164,20.010000228881836,19.610000610351562,19.65999984741211,698700.0
2025-07-28,19.700000762939453,20.200000762939453,19.639999389648438,20.100000381469727,1231900.0
2025-07-29,20.219999313354492,20.459999084472656,20.09000015258789,20.200000762939453,570200.0
2025-07-30,20.239999771118164,20.540000915527344,20.165000915527344,20.399999618530273,993600.0
2025-07-31,20.139999389648438,20.309999465942383,19.860000610351562,19.969999313354492,539700.0
2025-08-01,19.889999389648438,19.889999389648438,19.459999084472656,19.479999542236328,738300.0
2025-08-04,19.520000457763672,19.83300018310547,19.295000076293945,19.799999237060547,486000.0
2025-08-05,19.75,20.045000076293945,19.75,19.81999969482422,627700.0
2025-08-06,19.809999465942383,20.040000915527344,19.700000762939453,19.940000534057617,620200.0
2025-08-07,20.049999237060547,20.219999313354492,19.889999389648438,20.200000762939453,935500.0
2025-08-08,20.8799991607666,21.6200008392334,20.264999389648438,21.6200008392334,975000.0
2025-08-11,21.209999084472656,21.69499969482422,21.209999084472656,21.479999542236328,1011500.0
2025-08-12,21.670000076293945,22.459999084472656,21.545000076293945,22.399999618530273,1257100.0
2025-08-13,22.34000015258789,23.010000228881836,22.139999389648438,22.860000610351562,1533200.0
2025-08-14,22.8700008392334,23.420000076293945,22.6200008392334,23.389999389648438,1421700.0
2025-08-15,23.540000915527344,23.75,23.1200008392334,23.239999771118164,1034900.0
2025-08-18,23.299999237060547,23.399999618530273,22.81999969482422,22.8700008392334,849600.0
2025-08-19,22.969999313354492,23.18000030517578,22.799999237060547,22.969999313354492,950600.0
2025-08-20,23.0,23.243000030517578,22.860000610351562,23.139999389648438,968200.0
2025-08-21,22.969999313354492,23.420000076293945,22.969999313354492,23.010000228881836,844600.0
2025-08-22,23.170000076293945,23.760000228881836,23.170000076293945,23.649999618530273,1144100.0
2025-08-25,23.739999771118164,23.780000686645508,23.229999542236328,23.420000076293945,835100.0
2025-08-26,23.329999923706055,23.459999084472656,22.790000915527344,22.860000610351562,625300.0
2025-08-27,22.790000915527344,23.459999084472656,22.790000915527344,23.350000381469727,635900.0
2025-08-28,23.5,23.790000915527344,23.280000686645508,23.739999771118164,857900.0
2025-08-29,23.700000762939453,23.809999465942383,23.5,23.799999237060547,717000.0
2025-09-02,23.639999389648438,23.834999084472656,23.540000915527344,23.729999542236328,725800.0
2025-09-03,23.540000915527344,23.8700008392334,23.450000762939453,23.68000030517578,1257100.0
2025-09-04,23.989999771118164,23.989999771118164,22.635000228881836,23.540000915527344,1528100.0
2025-09-05,23.459999084472656,23.75,22.899999618530273,23.09000015258789,1176700.0
2025-09-08,23.219999313354492,23.270000457763672,22.729999542236328,22.739999771118164,1423300.0
2025-09-09,22.579999923706055,22.655000686645508,22.0,22.190000534057617,1959000.0
2025-09-10,22.200000762939453,22.3799991607666,21.469999313354492,21.6299991607666,1057700.0
2025-09-11,21.600000381469727,22.239999771118164,21.579999923706055,22.18000030517578,915400.0
2025-09-12,22.049999237060547,22.40999984741211,22.020000457763672,22.149999618530273,1065500.0
2025-09-15,22.18000030517578,22.31999969482422,21.229999542236328,21.229999542236328,1014100.0
2025-09-16,21.25,21.6200008392334,21.139999389648438,21.399999618530273,1426900.0
2025-09-17,21.450000762939453,21.684999465942383,20.760000228881836,20.780000686645508,837700.0
2025-09-18,20.8799991607666,21.190000534057617,20.834999084472656,21.020000457763672,933000.0
2025-09-19,21.059999465942383,21.165000915527344,20.649999618530273,20.65999984741211,2802900.0
2025-09-22,20.579999923706055,20.920000076293945,20.489999771118164,20.8700008392334,597100.0
2025-09-23,20.8700008392334,21.284000396728516,20.670000076293945,20.75,717200.0
2025-09-24,20.770000457763672,21.020000457763672,20.670000076293945,20.670000076293945,780900.0
2025-09-25,20.90999984741211,21.014999389648438,20.165000915527344,20.579999923706055,859000.0
2025-09-26,20.65999984741211,21.010000228881836,20.579999923706055,20.81999969482422,752300.0
2025-09-29,20.809999465942383,20.954999923706055,20.584999084472656,20.760000228881836,875700.0
2025-09-30,20.809999465942383,20.959999084472656,20.69499969482422,20.93000030517578,771000.0
2025-10-01,20.780000686645508,20.940000534057617,20.649999618530273,20.84000015258789,624000.0
2025-10-02,20.709999084472656,20.94499969482422,20.520000457763672,20.690000534057617,823400.0
2025-10-03,20.700000762939453,21.030000686645508,20.624000549316406,20.75,891000.0
2025-10-06,20.75,21.024999618530273,20.6200008392334,20.639999389648438,769500.0
2025-10-07,20.65999984741211,21.09000015258789,20.575000762939453,20.959999084472656,761500.0
2025-10-08,20.989999771118164,21.010000228881836,20.780000686645508,20.850000381469727,510100.0
2025-10-09,20.829999923706055,21.059999465942383,20.739999771118164,20.8700008392334,604300.0
2025-10-10,20.90999984741211,21.56999969482422,20.290000915527344,20.309999465942383,574200.0
2025-10-13,20.280000686645508,20.40999984741211,20.03499984741211,20.170000076293945,558000.0
2025-10-14,20.239999771118164,20.360000610351562,20.135000228881836,20.239999771118164,856100.0
2025-10-15,20.31999969482422,20.579999923706055,20.25,20.299999237060547,670600.0
2025-10-16,20.219999313354492,20.434999465942383,19.84000015258789,19.899999618530273,716000.0
2025-10-17,19.850000381469727,20.0,19.584999084472656,19.920000076293945,923200.0
2025-10-20,19.979999542236328,20.334999084472656,19.725000381469727,20.170000076293945,662700.0
2025-10-21,20.25,20.520000457763672,20.030000686645508,20.3700008392334,454100.0
2025-10-22,20.469999313354492,20.780000686645508,20.329999923706055,20.709999084472656,769700.0
2025-10-23,20.709999084472656,20.709999084472656,20.309999465942383,20.549999237060547,724400.0
2025-10-24,20.75,21.17300033569336,20.530000686645508,20.90999984741211,653600.0
2025-10-27,21.049999237060547,21.079999923706055,20.731000900268555,20.790000915527344,462300.0
2025-10-28,20.719999313354492,20.829999923706055,20.402000427246094,20.68000030517578,537600.0
2025-10-29,20.559999465942383,20.739999771118164,20.020000457763672,20.110000610351562,647500.0
2025-10-30,19.90999984741211,20.309999465942383,19.799999237060547,20.079999923706055,982800.0
2025-10-31,19.93000030517578,20.010000228881836,19.639999389648438,19.920000076293945,709200.0
2025-11-03,20.399999618530273,20.399999618530273,19.450000762939453,19.68000030517578,1611900.0
2025-11-04,19.6299991607666,19.948999404907227,19.31999969482422,19.360000610351562,1023500.0
2025-11-05,19.459999084472656,19.46500015258789,19.0,19.139999389648438,2091400.0
2025-11-06,19.209999084472656,19.364999771118164,18.545000076293945,18.709999084472656,1801600.0
2025-11-07,19.8799991607666,20.649999618530273,18.891000747680664,19.34000015258789,2836400.0
2025-11-10,19.190000534057617,19.3799991607666,19.0,19.260000228881836,1708900.0
2025-11-11,19.1200008392334,20.024999618530273,19.1200008392334,19.579999923706055,1123800.0
2025-11-12,19.600000381469727,20.065000534057617,19.600000381469727,19.959999084472656,1094200.0
2025-11-13,19.860000610351562,20.3799991607666,19.670000076293945,19.75,1133300.0
2025-11-14,19.760000228881836,19.85300064086914,19.382999420166016,19.420000076293945,782200.0
2025-11-17,19.420000076293945,19.719999313354492,19.06999969482422,19.239999771118164,1050700.0
2025-11-18,19.299999237060547,19.399999618530273,19.170000076293945,19.239999771118164,775000.0
2025-11-19,19.270000457763672,19.43000030517578,18.959999084472656,19.229999542236328,887300.0
2025-11-20,19.350000381469727,19.68000030517578,19.350000381469727,19.459999084472656,787300.0
2025-11-21,19.56999969482422,20.424999237060547,19.40999984741211,20.229999542236328,1081800.0
2025-11-24,20.239999771118164,20.520000457763672,20.09000015258789,20.520000457763672,733800.0
2025-11-25,20.510000228881836,21.270000457763672,20.510000228881836,21.15999984741211,758500.0
2025-11-26,21.040000915527344,21.235000610351562,20.829999923706055,20.829999923706055,881800.0
2025-11-28,20.940000534057617,20.940000534057617,20.459999084472656,20.559999465942383,214300.0
2025-12-01,20.34000015258789,20.739999771118164,20.229999542236328,20.540000915527344,1414800.0
2025-12-02,20.56999969482422,20.850000381469727,20.299999237060547,20.520000457763672,1643200.0
2025-12-03,20.510000228881836,20.610000610351562,19.389999389648438,19.520000457763672,1040200.0
2025-12-04,19.510000228881836,19.770000457763672,19.43000030517578,19.540000915527344,877800.0
2025-12-05,19.65999984741211,19.65999984741211,19.219999313354492,19.469999313354492,695400.0
2025-12-08,19.510000228881836,19.81999969482422,19.200000762939453,19.280000686645508,653100.0
2025-12-09,19.40999984741211,19.440000534057617,19.18000030517578,19.399999618530273,567600.0
2025-12-10,19.40999984741211,19.825000762939453,19.299999237060547,19.610000610351562,1364700.0
2025-12-11,19.690000534057617,20.010000228881836,19.690000534057617,19.8799991607666,816800.0
2025-12-12,19.899999618530273,20.190000534057617,19.729999542236328,19.8700008392334,788100.0
2025-12-15,19.979999542236328,20.059999465942383,19.614999771118164,19.8799991607666,868800.0
2025-12-16,19.899999618530273,20.079999923706055,19.549999237060547,19.549999237060547,878000.0
2025-12-17,19.6200008392334,19.799999237060547,19.43000030517578,19.520000457763672,1031600.0
2025-12-18,19.68000030517578,19.725000381469727,19.43000030517578,19.6200008392334,855100.0
2025-12-19,19.6200008392334,19.6200008392334,19.360000610351562,19.43000030517578,1646100.0
2025-12-22,19.34000015258789,19.780000686645508,19.34000015258789,19.68000030517578,653900.0
2025-12-23,19.65999984741211,19.889999389648438,19.610000610351562,19.729999542236328,541500.0
2025-12-24,19.81999969482422,19.950000762939453,19.709999084472656,19.850000381469727,284100.0
2025-12-26,19.8700008392334,20.149999618530273,19.770000457763672,20.030000686645508,366600.0
2025-12-29,20.09000015258789,20.200000762939453,19.7549991607666,20.139999389648438,511000.0
2025-12-30,20.09000015258789,20.299999237060547,19.94499969482422,19.959999084472656,537000.0
2025-12-31,20.0,20.049999237060547,19.65999984741211,19.68000030517578,484700.0
2026-01-02,19.579999923706055,19.69499969482422,19.219999313354492,19.40999984741211,711500.0
2026-01-05,19.260000228881836,19.575000762939453,19.048999786376953,19.459999084472656,1051300.0
2026-01-06,19.43000030517578,20.040000915527344,19.399999618530273,20.040000915527344,1382500.0
2026-01-07,20.040000915527344,20.049999237060547,19.34000015258789,19.5,525300.0
2026-01-08,19.389999389648438,20.010000228881836,19.389999389648438,19.90999984741211,608300.0
2026-01-09,19.84000015258789,19.920000076293945,19.510000228881836,19.899999618530273,713500.0
2026-01-12,19.780000686645508,20.6299991607666,19.75,20.610000610351562,934900.0
2026-01-13,20.540000915527344,20.665000915527344,20.270000457763672,20.280000686645508,737500.0
2026-01-14,20.270000457763672,20.520000457763672,19.795000076293945,20.43000030517578,844700.0
2026-01-15,20.469999313354492,21.610000610351562,20.31999969482422,21.579999923706055,1295100.0
2026-01-16,21.420000076293945,21.639999389648438,21.239999771118164,21.549999237060547,1207200.0
2026-01-20,21.229999542236328,21.985000610351562,21.1299991607666,21.90999984741211,1071000.0
2026-01-21,22.0,22.020000457763672,21.739999771118164,21.989999771118164,874100.0
2026-01-22,21.969999313354492,22.149999618530273,21.56999969482422,21.729999542236328,899300.0
2026-01-23,21.540000915527344,21.6560001373291,21.260000228881836,21.549999237060547,451900.0
2026-01-26,21.6299991607666,22.34000015258789,21.610000610351562,22.18000030517578,938600.0
2026-01-27,22.270000457763672,22.389999389648438,21.280000686645508,21.65999984741211,1044200.0
2026-01-28,21.610000610351562,21.84000015258789,21.229999542236328,21.479999542236328,1070000.0
2026-01-29,21.649999618530273,21.8700008392334,21.315000534057617,21.600000381469727,1089500.0
2026-01-30,21.420000076293945,22.200000762939453,21.420000076293945,22.18000030517578,1732100.0
2026-02-02,22.219999313354492,22.5,21.719999313354492,22.149999618530273,1753200.0
2026-02-03,22.0,22.84000015258789,22.0,22.809999465942383,1387100.0
2026-02-04,22.8700008392334,23.68899917602539,22.719999313354492,22.950000762939453,2643400.0
2026-02-05,23.239999771118164,23.829999923706055,22.860000610351562,23.530000686645508,2201000.0
2026-02-06,23.270000457763672,23.979999542236328,23.270000457763672,23.5,1262300.0
2026-02-09,23.3700008392334,23.75,23.100000381469727,23.139999389648438,703000.0
2026-02-10,23.329999923706055,23.940000534057617,23.110000610351562,23.860000610351562,924300.0
2026-02-11,23.75,24.489999771118164,23.545000076293945,24.170000076293945,1290100.0
2026-02-12,24.31999969482422,24.684999465942383,23.84000015258789,23.889999389648438,730400.0
2026-02-13,23.979999542236328,24.1200008392334,23.459999084472656,23.540000915527344,937700.0
2026-02-17,23.719999313354492,23.899999618530273,23.329999923706055,23.65999984741211,1007400.0
2026-02-18,23.459999084472656,23.799999237060547,23.385000228881836,23.729999542236328,921800.0
2026-02-19,23.65999984741211,24.030000686645508,23.56999969482422,23.829999923706055,684600.0
2026-02-20,23.860000610351562,24.049999237060547,23.56999969482422,23.670000076293945,667100.0
2026-02-23,23.600000381469727,23.96500015258789,23.31999969482422,23.389999389648438,586000.0
2026-02-24,23.399999618530273,23.514999389648438,23.110000610351562,23.40999984741211,563000.0
2026-02-25,23.469999313354492,23.5049991607666,23.06999969482422,23.389999389648438,977200.0
2026-02-26,23.65999984741211,23.739999771118164,23.0,23.639999389648438,1005100.0
2026-02-27,23.049999237060547,24.46500015258789,22.780000686645508,23.959999084472656,1223000.0
2026-03-02,23.25,23.80500030517578,23.1299991607666,23.719999313354492,861200.0
2026-03-03,23.350000381469727,23.594999313354492,22.979999542236328,23.479999542236328,607600.0
2026-03-04,23.469999313354492,23.860000610351562,23.25,23.559999465942383,631700.0
2026-03-05,23.360000610351562,23.530000686645508,23.06999969482422,23.450000762939453,907900.0
2026-03-06,22.719999313354492,23.25,22.3799991607666,22.81999969482422,629900.0
2026-03-09,22.639999389648438,22.700000762939453,22.100000381469727,22.56999969482422,750800.0
2026-03-10,22.43000030517578,22.770000457763672,22.360000610351562,22.440000534057617,587300.0
2026-03-11,22.440000534057617,22.540000915527344,22.1299991607666,22.440000534057617,709200.0
2026-03-12,22.309999465942383,22.399999618530273,21.899999618530273,21.93000030517578,644000.0
2026-03-13,21.934999465942383,22.3700008392334,21.84000015258789,22.3700008392334,783700.0
2026-03-16,22.579999923706055,22.8799991607666,22.479999542236328,22.6200008392334,763100.0
2026-03-17,22.729999542236328,23.110000610351562,22.5,22.799999237060547,835100.0
2026-03-18,22.649999618530273,22.950000762939453,22.40999984741211,22.799999237060547,784400.0
2026-03-19,22.670000076293945,23.229999542236328,21.59000015258789,21.90999984741211,825400.0
2026-03-20,21.790000915527344,22.1299991607666,21.5,21.65999984741211,1573700.0
2026-03-23,21.709999084472656,22.610000610351562,21.709999084472656,22.3700008392334,639900.0
2026-03-24,22.139999389648438,22.309999465942383,21.84000015258789,21.850000381469727,809300.0
2026-03-25,22.020000457763672,22.059999465942383,21.56999969482422,22.010000228881836,745700.0
2026-03-26,21.790000915527344,22.059999465942383,21.540000915527344,21.700000762939453,926600.0
2026-03-27,21.5,21.645000457763672,21.030000686645508,21.1200008392334,866200.0
2026-03-30,21.389999389648438,21.395000457763672,20.860000610351562,21.049999237060547,679300.0
2026-03-31,21.020000457763672,21.520000457763672,20.84000015258789,21.450000762939453,907000.0
2026-04-01,21.31999969482422,21.545000076293945,21.19499969482422,21.229999542236328,537300.0
2026-04-02,21.049999237060547,21.155000686645508,20.670000076293945,20.889999389648438,539000.0
2026-04-06,20.670000076293945,21.049999237060547,20.540000915527344,20.989999771118164,527900.0
2026-04-07,21.110000610351562,21.64299964904785,21.020000457763672,21.329999923706055,736800.0
2026-04-08,21.920000076293945,22.09000015258789,21.780000686645508,21.90999984741211,651500.0
2026-04-09,21.5,22.469999313354492,21.5,22.190000534057617,573000.0
2026-04-10,22.190000534057617,22.260000228881836,21.59000015258789,21.93000030517578,568200.0
2026-04-13,21.770000457763672,22.43000030517578,21.628999710083008,22.399999618530273,650600.0
2026-04-14,22.34000015258789,22.959999084472656,22.25,22.75,565400.0
2026-04-15,22.239999771118164,22.8700008392334,22.239999771118164,22.440000534057617,534000.0
2026-04-16,22.420000076293945,22.670000076293945,22.309999465942383,22.329999923706055,366700.0
2026-04-17,22.479999542236328,23.040000915527344,22.479999542236328,22.860000610351562,410800.0
2026-04-20,22.790000915527344,23.09000015258789,22.700000762939453,22.8799991607666,302900.0
2026-04-21,22.979999542236328,23.059999465942383,22.260000228881836,22.280000686645508,392200.0
2026-04-22,22.34000015258789,22.656999588012695,22.219999313354492,22.639999389648438,444400.0
2026-04-23,22.739999771118164,23.260000228881836,22.479999542236328,23.0,708800.0
2026-04-24,22.75,22.969999313354492,22.31999969482422,22.81999969482422,694600.0
2026-04-27,22.34000015258789,23.05500030517578,22.34000015258789,22.670000076293945,668700.0
2026-04-28,22.989999771118164,22.989999771118164,22.3700008392334,22.559999465942383,412700.0
2026-04-29,22.40999984741211,22.71500015258789,22.139999389648438,22.389999389648438,756900.0
2026-04-30,22.34000015258789,22.700000762939453,21.950000762939453,22.469999313354492,748100.0
2026-05-01,22.299999237060547,22.795000076293945,22.270000457763672,22.530000686645508,532800.0
2026-05-04,22.829999923706055,22.829999923706055,22.270000457763672,22.670000076293945,629800.0
2026-05-05,22.709999084472656,22.860000610351562,22.43000030517578,22.81999969482422,571700.0
2026-05-06,23.040000915527344,23.21500015258789,22.65999984741211,22.81999969482422,505600.0
2026-05-07,22.725000381469727,24.34000015258789,22.209999084472656,23.600000381469727,2089400.0
2026-05-08,24.270000457763672,25.0,22.950000762939453,24.15999984741211,3129700.0
2026-05-11,24.049999237060547,25.0,23.8700008392334,25.0,1139300.0
2026-05-12,25.0,25.68000030517578,24.420000076293945,25.56999969482422,1633600.0
2026-05-13,25.540000915527344,25.8700008392334,25.139999389648438,25.8700008392334,992300.0
2026-05-14,26.239999771118164,26.655000686645508,26.030000686645508,26.200000762939453,874400.0
2026-05-15,26.350000381469727,26.600000381469727,25.780000686645508,25.8700008392334,664200.0
2026-05-18,25.610000610351562,26.329999923706055,25.475000381469727,26.079999923706055,530300.0
2026-05-19,26.174999237060547,26.174999237060547,25.389999389648438,25.530000686645508,602000.0
2026-05-20,25.59000015258789,26.0,25.290000915527344,25.420000076293945,783800.0
2026-05-21,25.239999771118164,25.59000015258789,24.979999542236328,25.59000015258789,613700.0
2026-05-22,25.65999984741211,25.760000228881836,25.05500030517578,25.31999969482422,887300.0
2026-05-26,25.1299991607666,25.600000381469727,25.1299991607666,25.530000686645508,628300.0
2026-05-27,25.709999084472656,26.239999771118164,25.479999542236328,25.799999237060547,517000.0
2026-05-28,25.690000534057617,25.81999969482422,25.190000534057617,25.360000610351562,692300.0
2026-05-29,25.209999084472656,25.420000076293945,24.75,24.8700008392334,1352700.0
2026-06-01,25.0,25.450000762939453,24.510000228881836,25.25,985900.0
2026-06-02,25.260000228881836,25.559999465942383,24.969999313354492,25.09000015258789,778600.0
2026-06-03,25.235000610351562,25.2549991607666,24.600000381469727,24.75,662100.0
2026-06-04,25.110000610351562,25.3799991607666,24.645000457763672,24.920000076293945,747400.0
2026-06-05,25.56999969482422,25.850000381469727,25.31999969482422,25.31999969482422,583600.0
2026-06-08,25.510000228881836,25.8700008392334,25.235000610351562,25.459999084472656,563000.0
2026-06-09,25.670000076293945,26.389999389648438,25.649999618530273,26.110000610351562,1019900.0
2026-06-10,26.399999618530273,26.739999771118164,26.290000915527344,26.610000610351562,1022000.0
2026-06-11,26.3700008392334,27.6299991607666,26.3700008392334,27.239999771118164,1429200.0
2026-06-12,27.450000762939453,28.204999923706055,27.415000915527344,28.1299991607666,1303600.0
2026-06-15,28.030000686645508,28.469999313354492,27.780000686645508,28.149999618530273,893200.0
2026-06-16,28.31999969482422,28.614999771118164,28.270000457763672,28.459999084472656,911000.0
2026-06-17,28.270000457763672,28.700000762939453,28.18000030517578,28.3799991607666,801200.0
2026-06-18,28.940000534057617,28.940000534057617,28.399999618530273,28.559999465942383,1399600.0
2026-06-22,28.690000534057617,28.915000915527344,28.479999542236328,28.489999771118164,660800.0
2026-06-23,28.110000610351562,28.940000534057617,28.079999923706055,28.65999984741211,493500.0
2026-06-24,28.780000686645508,29.385000228881836,28.75,29.139999389648438,815000.0
2026-06-25,29.229999542236328,29.770000457763672,29.079999923706055,29.610000610351562,941700.0
2026-06-26,29.639999389648438,30.239999771118164,29.510000228881836,30.18000030517578,2994700.0
2026-06-29,29.850000381469727,30.3700008392334,29.549999237060547,29.770000457763672,1001100.0
2026-06-30,29.40999984741211,30.0,29.40999984741211,29.75,1241000.0
2026-07-01,29.829999923706055,30.899999618530273,29.389999389648438,30.770000457763672,2194700.0
2026-07-02,30.899999618530273,31.93000030517578,30.850000381469727,31.90999984741211,1270500.0
2026-07-06,32.09000015258789,32.349998474121094,31.729999542236328,31.84000015258789,1036400.0
2026-07-07,31.84000015258789,32.31999969482422,31.6299991607666,31.6299991607666,1034900.0
2026-07-08,31.540000915527344,31.700000762939453,31.270000457763672,31.459999084472656,903700.0
2026-07-09,31.610000610351562,31.829999923706055,31.329999923706055,31.399999618530273,653200.0
2026-07-10,31.450000762939453,31.690000534057617,31.25,31.549999237060547,793900.0
2026-07-13,31.600000381469727,31.922000885009766,31.350000381469727,31.389999389648438,696400.0
2026-07-14,31.34000015258789,31.3799991607666,30.45800018310547,30.899999618530273,1029600.0
2026-07-15,30.760000228881836,31.09000015258789,30.549999237060547,30.559999465942383,880800.0
2026-07-16,31.1200008392334,32.18000030517578,30.920000076293945,31.639999389648438,1032700.0
2026-07-17,31.389999389648438,32.029998779296875,31.270000457763672,31.610000610351562,765300.0
2026-07-20,31.709999084472656,31.985000610351562,31.295000076293945,31.309999465942383,796300.0
2026-07-21,31.469999313354492,31.790000915527344,31.15999984741211,31.780000686645508,988600.0
2026-07-22,31.434999465942383,31.940000534057617,31.149999618530273,31.270000457763672,763000.0
2026-07-23,31.420000076293945,31.56999969482422,30.0,31.530000686645508,690600.0
2026-07-24,32.0,32.505001068115234,31.530000686645508,31.610000610351562,1254200.0
2026-07-27,31.329999923706055,32.279998779296875,31.329999923706055,31.889999389648438,519400.0
2026-07-28,32.220001220703125,32.81999969482422,32.099998474121094,32.689998626708984,646200.0
2026-07-29,32.86000061035156,32.86000061035156,31.459999084472656,31.610000610351562,773500.0
2026-07-30,31.59000015258789,31.790000915527344,31.07699966430664,31.6200008392334,740700.0
2026-07-31,31.219999313354492,31.899999618530273,30.959999084472656,31.649999618530273,556900.0
2026-08-03,31.649999618530273,32.084999084472656,31.649999618530273,31.700000762939453,606200.0
2026-08-04,31.489999771118164,31.59000015258789,31.0049991607666,31.1200008392334,741500.0
2026-08-05,31.350000381469727,31.530000686645508,30.3700008392334,30.760000228881836,1452200.0
2026-08-06,30.860000610351562,30.950000762939453,30.125,30.540000915527344,1390000.0
2026-08-07,34.27000045776367,35.150001525878906,32.09000015258789,34.060001373291016,2037700.0
2026-08-10,33.560001373291016,34.75299835205078,33.32500076293945,34.099998474121094,982200.0
2026-08-11,34.36000061035156,34.380001068115234,33.0,33.029998779296875,796500.0
2026-08-12,32.7400016784668,34.54999923706055,32.7400016784668,34.540000915527344,1343700.0
2026-08-13,35.0,35.1349983215332,34.54999923706055,35.119998931884766,1660400.0
2026-08-14,34.90999984741211,35.52000045776367,34.900001525878906,35.43000030517578,811500.0
2026-08-17,35.540000915527344,35.832000732421875,35.05099868774414,35.529998779296875,758900.0
2026-08-18,35.470001220703125,35.900001525878906,35.040000915527344,35.04999923706055,894900.0
2026-08-19,35.34000015258789,35.67499923706055,34.560001373291016,34.77000045776367,964100.0
2026-08-20,35.4900016784668,35.4900016784668,34.45000076293945,34.810001373291016,616500.0
2026-08-21,34.959999084472656,35.15999984741211,34.654998779296875,35.0,844300.0
2026-08-24,34.58000183105469,35.474998474121094,34.58000183105469,34.9900016784668,581300.0
2026-08-25,35.2599983215332,35.314998626708984,34.54999923706055,34.779998779296875,629600.0
2026-08-26,34.95000076293945,35.310001373291016,34.619998931884766,34.95000076293945,684000.0
2026-08-27,34.619998931884766,34.91999816894531,34.43000030517578,34.70000076293945,561600.0
2026-08-28,34.91999816894531,34.91999816894531,34.19200134277344,34.2599983215332,508100.0
2026-08-31,34.33000183105469,34.33000183105469,33.619998931884766,33.7400016784668,838900.0
2026-09-01,33.97999954223633,34.34000015258789,33.80500030517578,33.88999938964844,587200.0
2026-09-02,34.06999969482422,34.599998474121094,34.0,34.029998779296875,658400.0
2026-09-03,34.29999923706055,34.599998474121094,33.75299835205078,34.5099983215332,842000.0
2026-09-04,34.2400016784668,34.75,34.224998474121094,34.470001220703125,362600.0
2026-09-08,33.9900016784668,34.41999816894531,33.59000015258789,33.880001068115234,724000.0
2026-09-09,33.75,34.310001373291016,33.31999969482422,34.18000030517578,649700.0
2026-09-10,34.66999816894531,34.939998626708984,34.15999984741211,34.2400016784668,612100.0
2026-09-11,34.61000061035156,34.97999954223633,34.547000885009766,34.95000076293945,655300.0
2026-09-14,34.560001373291016,36.04999923706055,34.52000045776367,35.810001373291016,1093400.0
2026-09-15,35.709999084472656,35.95000076293945,35.45000076293945,35.619998931884766,830000.0
2026-09-16,35.150001525878906,36.709999084472656,35.13999938964844,36.369998931884766,1092600.0
2026-09-17,36.5,36.6619987487793,35.4900016784668,35.529998779296875,1117600.0
2026-09-18,35.560001373291016,35.65999984741211,34.779998779296875,35.470001220703125,4867100.0
2026-09-21,35.310001373291016,35.5099983215332,34.5880012512207,34.77000045776367,743200.0
2026-09-23,34.849998474121094,35.220001220703125,34.54499816894531,34.790000915527344,815400.0
2026-09-24,34.61000061035156,35.20000076293945,34.40999984741211,34.619998931884766,841400.0
